name,url
Abecma,https://www.drugs.com/abecma.html
Abilify,https://www.drugs.com/abilify.html
Abilify Asimtufii,https://www.drugs.com/abilify-asimtufii.html
Abilify Maintena,https://www.drugs.com/abilify-maintena.html
Abiraterone,https://www.drugs.com/abiraterone.html
Acetaminophen,https://www.drugs.com/acetaminophen.html
Acetazolamide,https://www.drugs.com/mtm/acetazolamide.html
Acetylcysteine,https://www.drugs.com/mtm/acetylcysteine.html
Actemra,https://www.drugs.com/actemra.html
Actos,https://www.drugs.com/actos.html
Acyclovir,https://www.drugs.com/acyclovir.html
Adderall,https://www.drugs.com/adderall.html
Adderall XR,https://www.drugs.com/mtm/adderall-xr.html
Advair Diskus,https://www.drugs.com/mtm/advair-diskus.html
Advil,https://www.drugs.com/advil.html
Afinitor,https://www.drugs.com/afinitor.html
Agamree,https://www.drugs.com/agamree.html
Aimovig,https://www.drugs.com/aimovig.html
Ajovy,https://www.drugs.com/ajovy.html
Albuterol,https://www.drugs.com/albuterol.html
Aldactone,https://www.drugs.com/aldactone.html
Alecensa,https://www.drugs.com/alecensa.html
Alendronate,https://www.drugs.com/mtm/alendronate.html
Alfuzosin,https://www.drugs.com/cons/alfuzosin.html
Allopurinol,https://www.drugs.com/allopurinol.html
Alprazolam,https://www.drugs.com/alprazolam.html
Alprolix,https://www.drugs.com/alprolix.html
Alunbrig,https://www.drugs.com/alunbrig.html
Amantadine,https://www.drugs.com/amantadine.html
Ambien,https://www.drugs.com/ambien.html
Ambroxol,https://www.drugs.com/ambroxol.html
Amiodarone,https://www.drugs.com/amiodarone.html
Amitriptyline,https://www.drugs.com/amitriptyline.html
Amlodipine,https://www.drugs.com/amlodipine.html
Amoxicillin,https://www.drugs.com/amoxicillin.html
Amoxicillin and Clavulanate,https://www.drugs.com/amoxicillin_clavulanate.html
Ampicillin,https://www.drugs.com/mtm/ampicillin.html
Amvuttra,https://www.drugs.com/amvuttra.html
Anastrozole,https://www.drugs.com/mtm/anastrozole.html
AndroGel,https://www.drugs.com/androgel.html
Annovera,https://www.drugs.com/annovera.html
Apalutamide,https://www.drugs.com/apalutamide.html
Apixaban,https://www.drugs.com/mtm/apixaban.html
Apokyn,https://www.drugs.com/apokyn.html
Apriso,https://www.drugs.com/apriso.html
Aptiom,https://www.drugs.com/aptiom.html
Aricept,https://www.drugs.com/aricept.html
Arikayce,https://www.drugs.com/arikayce.html
Arimidex,https://www.drugs.com/arimidex.html
Aripiprazole,https://www.drugs.com/aripiprazole.html
Aristada,https://www.drugs.com/aristada.html
Aromasin,https://www.drugs.com/aromasin.html
Aspirin,https://www.drugs.com/aspirin.html
Atarax,https://www.drugs.com/atarax.html
Atenolol,https://www.drugs.com/atenolol.html
Ativan,https://www.drugs.com/ativan.html
Atogepant,https://www.drugs.com/atogepant.html
Atomoxetine,https://www.drugs.com/atomoxetine.html
Atorvastatin,https://www.drugs.com/atorvastatin.html
Aubagio,https://www.drugs.com/aubagio.html
Augmentin,https://www.drugs.com/augmentin.html
Austedo,https://www.drugs.com/austedo.html
Auvelity,https://www.drugs.com/auvelity.html
Auvi-Q,https://www.drugs.com/auvi-q.html
avacincaptad pegol,https://www.drugs.com/avacincaptad-pegol.html
Avonex,https://www.drugs.com/avonex.html
Avsola,https://www.drugs.com/avsola.html
Azathioprine,https://www.drugs.com/mtm/azathioprine.html
Azelastine,https://www.drugs.com/pro/azelastine.html
Azilect,https://www.drugs.com/azilect.html
Azithromycin,https://www.drugs.com/azithromycin.html
Azulfidine,https://www.drugs.com/mtm/azulfidine.html
Bacitracin,https://www.drugs.com/pro/bacitracin.html
Bacitracin topical,https://www.drugs.com/mtm/bacitracin-topical.html
Baclofen,https://www.drugs.com/baclofen.html
Bactrim,https://www.drugs.com/bactrim.html
Bactroban,https://www.drugs.com/bactroban.html
Balsalazide,https://www.drugs.com/mtm/balsalazide.html
Banzel,https://www.drugs.com/banzel.html
Baqsimi,https://www.drugs.com/baqsimi.html
Basaglar,https://www.drugs.com/basaglar.html
Bavencio,https://www.drugs.com/bavencio.html
Belsomra,https://www.drugs.com/belsomra.html
Benadryl,https://www.drugs.com/benadryl.html
Benazepril,https://www.drugs.com/mtm/benazepril.html
Bendeka,https://www.drugs.com/mtm/bendeka.html
Benicar,https://www.drugs.com/benicar.html
Benlysta,https://www.drugs.com/benlysta.html
Bentyl,https://www.drugs.com/bentyl.html
Benzonatate,https://www.drugs.com/benzonatate.html
Benztropine,https://www.drugs.com/mtm/benztropine.html
Berinert,https://www.drugs.com/berinert.html
berotralstat,https://www.drugs.com/berotralstat.html
Betadine,https://www.drugs.com/mtm/betadine.html
Betamethasone,https://www.drugs.com/betamethasone-topical.html
Betaseron,https://www.drugs.com/betaseron.html
Beyfortus,https://www.drugs.com/beyfortus.html
Bicalutamide,https://www.drugs.com/bicalutamide.html
Biktarvy,https://www.drugs.com/biktarvy.html
Biotin,https://www.drugs.com/mtm/biotin.html
Bisacodyl,https://www.drugs.com/pro/bisacodyl.html
Bismuth subsalicylate,https://www.drugs.com/mtm/bismuth-subsalicylate.html
Bisoprolol,https://www.drugs.com/bisoprolol.html
Blincyto,https://www.drugs.com/blincyto.html
Boniva,https://www.drugs.com/boniva.html
Botox,https://www.drugs.com/botox.html
Breo Ellipta,https://www.drugs.com/breo-ellipta.html
Brexpiprazole,https://www.drugs.com/brexpiprazole.html
Breyanzi,https://www.drugs.com/breyanzi.html
Breyna,https://www.drugs.com/pro/breyna.html
Breztri Aerosphere,https://www.drugs.com/breztri-aerosphere.html
Brilinta,https://www.drugs.com/brilinta.html
Brimonidine,https://www.drugs.com/pro/brimonidine.html
Briumvi,https://www.drugs.com/briumvi.html
Briviact,https://www.drugs.com/briviact.html
Brukinsa,https://www.drugs.com/brukinsa.html
Bryhali,https://www.drugs.com/bryhali.html
Budesonide,https://www.drugs.com/budesonide.html
Budesonide and formoterol,https://www.drugs.com/cons/budesonide-and-formoterol.html
"budesonide, glycopyrrolate, and formoterol inhaler",https://www.drugs.com/budesonide-formoterol-and-glycopyrrolate.html
Bumetanide,https://www.drugs.com/pro/bumetanide.html
Bumex,https://www.drugs.com/pro/bumex.html
Bunavail,https://www.drugs.com/bunavail.html
Bupivacaine,https://www.drugs.com/mtm/bupivacaine.html
Buprenex,https://www.drugs.com/buprenex.html
Buprenorphine,https://www.drugs.com/buprenorphine.html
Buprenorphine/naloxone,https://www.drugs.com/cons/buprenorphine-naloxone.html
Bupropion,https://www.drugs.com/bupropion.html
Buspar,https://www.drugs.com/buspar.html
Buspirone,https://www.drugs.com/buspirone.html
Bystolic,https://www.drugs.com/bystolic.html
Cabenuva,https://www.drugs.com/cabenuva.html
Cabometyx,https://www.drugs.com/cabometyx.html
Calcitriol,https://www.drugs.com/mtm/calcitriol.html
Calcium carbonate,https://www.drugs.com/mtm/calcium-carbonate.html
Calquence,https://www.drugs.com/calquence.html
Camzyos,https://www.drugs.com/camzyos.html
Canasa,https://www.drugs.com/canasa.html
Candesartan,https://www.drugs.com/mtm/candesartan.html
Caplyta,https://www.drugs.com/caplyta.html
Captopril,https://www.drugs.com/captopril.html
Carbamazepine,https://www.drugs.com/carbamazepine.html
Carbidopa and levodopa,https://www.drugs.com/mtm/carbidopa-and-levodopa.html
Carvedilol,https://www.drugs.com/carvedilol.html
Carvykti,https://www.drugs.com/carvykti.html
Casodex,https://www.drugs.com/casodex.html
Cefadroxil,https://www.drugs.com/mtm/cefadroxil.html
Cefdinir,https://www.drugs.com/mtm/cefdinir.html
Cefixime,https://www.drugs.com/cefixime.html
Ceftriaxone,https://www.drugs.com/pro/ceftriaxone.html
Cefuroxime,https://www.drugs.com/monograph/cefuroxime.html
Celebrex,https://www.drugs.com/celebrex.html
Celecoxib,https://www.drugs.com/celecoxib.html
Celexa,https://www.drugs.com/celexa.html
Cephalexin,https://www.drugs.com/cephalexin.html
Cequa,https://www.drugs.com/cequa.html
Cetirizine,https://www.drugs.com/cetirizine-hcl.html
Chlorpheniramine,https://www.drugs.com/mtm/chlorpheniramine.html
Chlorthalidone,https://www.drugs.com/mtm/chlorthalidone.html
Cholecalciferol,https://www.drugs.com/mtm/cholecalciferol.html
Cialis,https://www.drugs.com/cialis.html
Cilostazol,https://www.drugs.com/mtm/cilostazol.html
Cimzia,https://www.drugs.com/cimzia.html
Cinryze,https://www.drugs.com/cinryze.html
Cipro,https://www.drugs.com/cipro.html
Ciprofloxacin,https://www.drugs.com/ciprofloxacin.html
Citalopram,https://www.drugs.com/citalopram.html
Clarithromycin,https://www.drugs.com/clarithromycin.html
Claritin,https://www.drugs.com/claritin.html
Clindamycin,https://www.drugs.com/clindamycin.html
Clobetasol,https://www.drugs.com/clobetasol-topical.html
Clobex,https://www.drugs.com/mtm/clobex.html
Clodan,https://www.drugs.com/mtm/clodan.html
Clonazepam,https://www.drugs.com/clonazepam.html
Clonidine,https://www.drugs.com/clonidine.html
Clopidogrel,https://www.drugs.com/mtm/clopidogrel.html
Clotrimazole,https://www.drugs.com/mtm/clotrimazole.html
Cobenfy,https://www.drugs.com/cobenfy.html
Codeine,https://www.drugs.com/codeine.html
Colace,https://www.drugs.com/colace.html
Colazal,https://www.drugs.com/mtm/colazal.html
Colchicine,https://www.drugs.com/colchicine.html
Coreg,https://www.drugs.com/coreg.html
Cosentyx,https://www.drugs.com/cosentyx.html
Crestor,https://www.drugs.com/crestor.html
Cyanocobalamin,https://www.drugs.com/mtm/cyanocobalamin.html
Cyclobenzaprine,https://www.drugs.com/cyclobenzaprine.html
Cymbalta,https://www.drugs.com/cymbalta.html
Dabigatran,https://www.drugs.com/mtm/dabigatran.html
Dapagliflozin,https://www.drugs.com/dapagliflozin.html
Darzalex,https://www.drugs.com/darzalex.html
Dayvigo,https://www.drugs.com/dayvigo.html
Decadron,https://www.drugs.com/mtm/decadron.html
Degarelix,https://www.drugs.com/degarelix.html
Delzicol,https://www.drugs.com/delzicol.html
Denosumab,https://www.drugs.com/denosumab.html
Depakote,https://www.drugs.com/depakote.html
Descovy,https://www.drugs.com/descovy.html
Desloratadine,https://www.drugs.com/mtm/desloratadine.html
Desvenlafaxine,https://www.drugs.com/mtm/desvenlafaxine.html
Desyrel,https://www.drugs.com/mtm/desyrel.html
Deutetrabenazine,https://www.drugs.com/deutetrabenazine.html
Dexamethasone,https://www.drugs.com/dexamethasone.html
Dexilant,https://www.drugs.com/mtm/dexilant.html
Dexlansoprazole,https://www.drugs.com/mtm/dexlansoprazole.html
Dextroamphetamine,https://www.drugs.com/mtm/dextroamphetamine.html
Dextromethorphan,https://www.drugs.com/dextromethorphan.html
Dextrose,https://www.drugs.com/dextrose.html
Diacomit,https://www.drugs.com/diacomit.html
Diastat,https://www.drugs.com/diastat-acudial.html
Diazepam,https://www.drugs.com/diazepam.html
Diclofenac,https://www.drugs.com/diclofenac.html
Dicyclomine,https://www.drugs.com/mtm/dicyclomine.html
Diflucan,https://www.drugs.com/diflucan.html
Digoxin,https://www.drugs.com/digoxin.html
Dilantin,https://www.drugs.com/dilantin.html
Dilaudid,https://www.drugs.com/dilaudid.html
Diltiazem,https://www.drugs.com/diltiazem.html
Diovan,https://www.drugs.com/diovan.html
Dipentum,https://www.drugs.com/mtm/dipentum.html
Diphenhydramine,https://www.drugs.com/diphenhydramine.html
Diprolene,https://www.drugs.com/mtm/diprolene.html
Divalproex,https://www.drugs.com/pro/divalproex.html
Divalproex sodium,https://www.drugs.com/mtm/divalproex-sodium.html
Docusate Sodium,https://www.drugs.com/pro/docusate-sodium.html
Domperidone,https://www.drugs.com/domperidone.html
Donepezil,https://www.drugs.com/donepezil.html
Doxazosin,https://www.drugs.com/doxazosin.html
Doxepin,https://www.drugs.com/pro/doxepin.html
Doxorubicin,https://www.drugs.com/mtm/doxorubicin.html
Doxycycline,https://www.drugs.com/doxycycline.html
Doxycycline Hyclate,https://www.drugs.com/pro/doxycycline-hyclate.html
Dulaglutide,https://www.drugs.com/dulaglutide.html
Dulcolax,https://www.drugs.com/dulcolax.html
Duloxetine,https://www.drugs.com/duloxetine.html
DuoNeb,https://www.drugs.com/duoneb.html
Duopa,https://www.drugs.com/duopa.html
Dupixent,https://www.drugs.com/dupixent.html
Dutasteride,https://www.drugs.com/dutasteride.html
Ebglyss,https://www.drugs.com/ebglyss.html
Ecotrin,https://www.drugs.com/mtm/ecotrin.html
Effexor,https://www.drugs.com/pro/effexor.html
Effexor XR,https://www.drugs.com/effexor.html
Elagolix,https://www.drugs.com/elagolix.html
Elavil,https://www.drugs.com/elavil.html
Elevidys,https://www.drugs.com/elevidys.html
Eligard,https://www.drugs.com/eligard.html
Eliquis,https://www.drugs.com/eliquis.html
Emgality,https://www.drugs.com/emgality.html
Empagliflozin,https://www.drugs.com/mtm/empagliflozin.html
Empaveli,https://www.drugs.com/empaveli.html
Enalapril,https://www.drugs.com/enalapril.html
Enbrel,https://www.drugs.com/enbrel.html
Enhertu,https://www.drugs.com/enhertu.html
Enoxaparin,https://www.drugs.com/mtm/enoxaparin.html
Enspryng,https://www.drugs.com/enspryng.html
Entecavir,https://www.drugs.com/mtm/entecavir.html
Entresto,https://www.drugs.com/entresto.html
Entyvio,https://www.drugs.com/entyvio.html
Enzalutamide,https://www.drugs.com/enzalutamide.html
Epidiolex,https://www.drugs.com/epidiolex.html
Epinephrine,https://www.drugs.com/monograph/epinephrine.html
EpiPen,https://www.drugs.com/epipen.html
Eplerenone,https://www.drugs.com/mtm/eplerenone.html
Epoetin alfa,https://www.drugs.com/mtm/epoetin-alfa.html
Ergocalciferol,https://www.drugs.com/mtm/ergocalciferol.html
Erleada,https://www.drugs.com/erleada.html
Ertapenem,https://www.drugs.com/mtm/ertapenem.html
Erythromycin,https://www.drugs.com/erythromycin.html
Escitalopram,https://www.drugs.com/escitalopram.html
Esomeprazole,https://www.drugs.com/mtm/esomeprazole.html
Estrace,https://www.drugs.com/estrace.html
Estradiol,https://www.drugs.com/estradiol.html
Estradiol Patch,https://www.drugs.com/pro/estradiol-patch.html
Eszopiclone,https://www.drugs.com/eszopiclone.html
Etanercept,https://www.drugs.com/etanercept.html
Ethambutol,https://www.drugs.com/mtm/ethambutol.html
Etodolac,https://www.drugs.com/etodolac.html
Eulexin,https://www.drugs.com/cons/eulexin.html
Euthyrox,https://www.drugs.com/euthyrox.html
Evenity,https://www.drugs.com/evenity.html
Evista,https://www.drugs.com/evista.html
Evkeeza,https://www.drugs.com/evkeeza.html
Evolocumab,https://www.drugs.com/evolocumab.html
Evusheld,https://www.drugs.com/evusheld.html
Excedrin,https://www.drugs.com/excedrin.html
Excedrin Migraine,https://www.drugs.com/excedrin-migraine.html
Exemestane,https://www.drugs.com/exemestane.html
Extavia,https://www.drugs.com/extavia.html
Eylea,https://www.drugs.com/eylea.html
Eysuvis,https://www.drugs.com/eysuvis.html
Ezetimibe,https://www.drugs.com/ezetimibe.html
Ezetimibe and rosuvastatin,https://www.drugs.com/mtm/ezetimibe-and-rosuvastatin.html
Famotidine,https://www.drugs.com/famotidine.html
Farxiga,https://www.drugs.com/farxiga.html
Fasenra,https://www.drugs.com/fasenra.html
Faslodex,https://www.drugs.com/faslodex.html
Febuxostat,https://www.drugs.com/mtm/febuxostat.html
Felodipine,https://www.drugs.com/mtm/felodipine.html
Femara,https://www.drugs.com/femara.html
Fenofibrate,https://www.drugs.com/fenofibrate.html
Fentanyl,https://www.drugs.com/fentanyl.html
FeroSul,https://www.drugs.com/mtm/ferosul.html
Ferrous fumarate,https://www.drugs.com/mtm/ferrous-fumarate.html
Ferrous Sulfate,https://www.drugs.com/ferrous_sulfate.html
Fexofenadine,https://www.drugs.com/fexofenadine.html
Finasteride,https://www.drugs.com/finasteride.html
Finerenone,https://www.drugs.com/mtm/finerenone.html
Fintepla,https://www.drugs.com/fintepla.html
Fioricet,https://www.drugs.com/fioricet.html
Firazyr,https://www.drugs.com/firazyr.html
Firmagon,https://www.drugs.com/firmagon.html
Fish Oil,https://www.drugs.com/fish_oil.html
Flagyl,https://www.drugs.com/flagyl.html
Flecainide,https://www.drugs.com/mtm/flecainide.html
Flexeril,https://www.drugs.com/flexeril.html
Flomax,https://www.drugs.com/flomax.html
Flonase,https://www.drugs.com/flonase.html
Florastor,https://www.drugs.com/mtm/florastor.html
Flovent,https://www.drugs.com/flovent.html
Flovent HFA,https://www.drugs.com/mtm/flovent-hfa.html
Fluconazole,https://www.drugs.com/fluconazole.html
Fludrocortisone,https://www.drugs.com/mtm/fludrocortisone.html
FluMist Vaccine,https://www.drugs.com/flumist.html
Fluocinonide,https://www.drugs.com/fluocinonide-topical.html
Fluorouracil,https://www.drugs.com/monograph/fluorouracil.html
Fluoxetine,https://www.drugs.com/fluoxetine.html
Fluphenazine,https://www.drugs.com/mtm/fluphenazine.html
Flutamide,https://www.drugs.com/flutamide.html
Fluticasone,https://www.drugs.com/pro/fluticasone.html
Fluticasone and salmeterol,https://www.drugs.com/mtm/fluticasone-and-salmeterol.html
Fluticasone nasal,https://www.drugs.com/mtm/fluticasone-nasal.html
Fluvoxamine,https://www.drugs.com/mtm/fluvoxamine.html
Focalin,https://www.drugs.com/focalin.html
Folic Acid,https://www.drugs.com/folic_acid.html
Formoterol,https://www.drugs.com/cons/formoterol.html
Forteo,https://www.drugs.com/forteo.html
Fosamax,https://www.drugs.com/fosamax.html
Fosfomycin,https://www.drugs.com/fosfomycin.html
Fulvestrant,https://www.drugs.com/fulvestrant.html
Furosemide,https://www.drugs.com/furosemide.html
Fycompa,https://www.drugs.com/fycompa.html
Gabapentin,https://www.drugs.com/gabapentin.html
Gabapentin enacarbil,https://www.drugs.com/cons/gabapentin-enacarbil.html
Galantamine,https://www.drugs.com/mtm/galantamine.html
Galcanezumab,https://www.drugs.com/galcanezumab.html
Ganciclovir,https://www.drugs.com/pro/ganciclovir.html
Garlic,https://www.drugs.com/mtm/garlic.html
Gas-X,https://www.drugs.com/mtm/gas-x.html
Gattex,https://www.drugs.com/gattex.html
GaviLyte G,https://www.drugs.com/pro/gavilyte-g.html
Gavreto,https://www.drugs.com/gavreto.html
Gazyva,https://www.drugs.com/gazyva.html
Gemcitabine,https://www.drugs.com/mtm/gemcitabine.html
Gemfibrozil,https://www.drugs.com/gemfibrozil.html
Gemtesa,https://www.drugs.com/gemtesa.html
Genotropin,https://www.drugs.com/genotropin.html
Gentamicin,https://www.drugs.com/mtm/gentamicin.html
Genvoya,https://www.drugs.com/genvoya.html
Geodon,https://www.drugs.com/geodon.html
Giazo,https://www.drugs.com/mtm/giazo.html
Ginger,https://www.drugs.com/mtm/ginger.html
Ginkgo Biloba,https://www.drugs.com/mtm/ginkgo-biloba.html
Ginseng,https://www.drugs.com/npp/ginseng.html
Gleevec,https://www.drugs.com/gleevec.html
Glimepiride,https://www.drugs.com/mtm/glimepiride.html
Glipizide,https://www.drugs.com/glipizide.html
Glipizide and metformin,https://www.drugs.com/mtm/glipizide-and-metformin.html
Glucagon,https://www.drugs.com/glucagon.html
Glucophage,https://www.drugs.com/glucophage.html
Glucophage XR,https://www.drugs.com/mtm/glucophage-xr.html
Glucosamine,https://www.drugs.com/mtm/glucosamine.html
Glucose,https://www.drugs.com/mtm/glucose.html
Glucotrol,https://www.drugs.com/glucotrol.html
Glumetza,https://www.drugs.com/mtm/glumetza.html
Glutathione,https://www.drugs.com/npp/glutathione.html
Glyburide,https://www.drugs.com/glyburide.html
Glycerin,https://www.drugs.com/cons/glycerin.html
GlycoLax,https://www.drugs.com/mtm/glycolax.html
Glycopyrrolate,https://www.drugs.com/mtm/glycopyrrolate.html
Glyxambi,https://www.drugs.com/glyxambi.html
Gocovri,https://www.drugs.com/gocovri.html
GoLYTELY,https://www.drugs.com/mtm/golytely.html
Green tea,https://www.drugs.com/mtm/green-tea.html
Griseofulvin,https://www.drugs.com/mtm/griseofulvin.html
Guaifenesin,https://www.drugs.com/guaifenesin.html
Guanfacine,https://www.drugs.com/mtm/guanfacine.html
Gvoke HypoPen,https://www.drugs.com/gvoke.html
Hadlima,https://www.drugs.com/cons/hadlima.html
Haegarda,https://www.drugs.com/haegarda.html
Halcion,https://www.drugs.com/mtm/halcion.html
Haldol,https://www.drugs.com/mtm/haldol.html
Halobetasol,https://www.drugs.com/halobetasol-topical.html
Haloperidol,https://www.drugs.com/mtm/haloperidol.html
Hemgenix,https://www.drugs.com/hemgenix.html
Heparin,https://www.drugs.com/heparin.html
Hepatitis B adult vaccine,https://www.drugs.com/mtm/hepatitis-b-adult-vaccine.html
Herceptin,https://www.drugs.com/herceptin.html
Hibiclens,https://www.drugs.com/mtm/hibiclens.html
Hiprex,https://www.drugs.com/mtm/hiprex.html
Histrelin,https://www.drugs.com/mtm/histrelin-implant.html
Hizentra,https://www.drugs.com/hizentra.html
Horizant,https://www.drugs.com/horizant.html
Humalog,https://www.drugs.com/humalog.html
Humalog Mix 75/25,https://www.drugs.com/pro/humalog-mix-75-25.html
Humira,https://www.drugs.com/humira.html
Humulin N,https://www.drugs.com/humulin_n.html
Humulin R,https://www.drugs.com/humulin-r.html
Humulin RU 500,https://www.drugs.com/mtm/humulin-r-concentrated-u-500.html
Hydergine,https://www.drugs.com/mtm/hydergine.html
Hydralazine,https://www.drugs.com/mtm/hydralazine.html
Hydrea,https://www.drugs.com/mtm/hydrea.html
Hydrochlorothiazide,https://www.drugs.com/hydrochlorothiazide.html
Hydrochlorothiazide and lisinopril,https://www.drugs.com/mtm/hydrochlorothiazide-and-lisinopril.html
Hydrochlorothiazide and losartan,https://www.drugs.com/mtm/hydrochlorothiazide-and-losartan.html
Hydrochlorothiazide and triamterene,https://www.drugs.com/mtm/hydrochlorothiazide-and-triamterene.html
Hydrochlorothiazide and valsartan,https://www.drugs.com/mtm/hydrochlorothiazide-and-valsartan.html
Hydrocodone,https://www.drugs.com/hydrocodone.html
Hydrocodone and Acetaminophen,https://www.drugs.com/acetaminophen_hydrocodone.html
Hydrocodone and ibuprofen,https://www.drugs.com/mtm/hydrocodone-and-ibuprofen.html
Hydrocortisone,https://www.drugs.com/hydrocortisone.html
Hydrocortisone (Topical),https://www.drugs.com/monograph/hydrocortisone-topical.html
Hydromorphone,https://www.drugs.com/mtm/hydromorphone.html
Hydroquinone,https://www.drugs.com/monograph/hydroquinone.html
Hydroxychloroquine,https://www.drugs.com/hydroxychloroquine.html
Hydroxyurea,https://www.drugs.com/mtm/hydroxyurea.html
Hydroxyzine,https://www.drugs.com/hydroxyzine.html
Hydroxyzine Pamoate,https://www.drugs.com/pro/hydroxyzine-pamoate.html
Hyoscyamine,https://www.drugs.com/mtm/hyoscyamine.html
Hyosyne,https://www.drugs.com/pro/hyosyne.html
Hytrin,https://www.drugs.com/hytrin.html
Hyzaar,https://www.drugs.com/hyzaar.html
Ibandronate,https://www.drugs.com/monograph/ibandronate.html
Ibrance,https://www.drugs.com/ibrance.html
Ibsrela,https://www.drugs.com/ibsrela.html
Ibuprofen,https://www.drugs.com/ibuprofen.html
Iclusig,https://www.drugs.com/iclusig.html
Icosapent,https://www.drugs.com/mtm/icosapent.html
Idhifa,https://www.drugs.com/idhifa.html
Ilumya,https://www.drugs.com/ilumya.html
Imatinib,https://www.drugs.com/imatinib.html
Imbruvica,https://www.drugs.com/imbruvica.html
Imdelltra,https://www.drugs.com/imdelltra.html
Imdur,https://www.drugs.com/imdur.html
Imfinzi,https://www.drugs.com/imfinzi.html
Imipramine,https://www.drugs.com/mtm/imipramine.html
Imitrex,https://www.drugs.com/imitrex.html
Imodium,https://www.drugs.com/pro/imodium.html
Impoyz,https://www.drugs.com/impoyz-cream.html
Imuran,https://www.drugs.com/mtm/imuran.html
Inbrija,https://www.drugs.com/inbrija.html
Incruse Ellipta,https://www.drugs.com/incruse-ellipta.html
Indapamide,https://www.drugs.com/mtm/indapamide.html
Inderal,https://www.drugs.com/inderal.html
Indomethacin,https://www.drugs.com/mtm/indomethacin.html
Infed,https://www.drugs.com/mtm/infed.html
Inflectra,https://www.drugs.com/inflectra.html
Infliximab,https://www.drugs.com/infliximab.html
Ingrezza,https://www.drugs.com/ingrezza.html
Injectafer,https://www.drugs.com/injectafer.html
Inlyta,https://www.drugs.com/inlyta.html
Inrebic,https://www.drugs.com/inrebic.html
Insulin Aspart,https://www.drugs.com/mtm/insulin-aspart.html
Insulin degludec,https://www.drugs.com/insulin-degludec.html
Insulin Detemir,https://www.drugs.com/insulin-detemir.html
Insulin Glargine,https://www.drugs.com/insulin-glargine.html
Insulin Lispro,https://www.drugs.com/insulin-lispro.html
Insulin Regular,https://www.drugs.com/insulin-regular.html
Intuniv,https://www.drugs.com/intuniv.html
Invega,https://www.drugs.com/invega.html
Invega Sustenna,https://www.drugs.com/invega-sustenna.html
Invokana,https://www.drugs.com/invokana.html
Iohexol,https://www.drugs.com/pro/iohexol.html
Iopamidol,https://www.drugs.com/mtm/iopamidol.html
Ipratropium,https://www.drugs.com/pro/ipratropium.html
Irbesartan,https://www.drugs.com/mtm/irbesartan.html
Isoniazid,https://www.drugs.com/mtm/isoniazid.html
Isosorbide,https://www.drugs.com/isosorbide_mononitrate.html
Isosorbide dinitrate,https://www.drugs.com/mtm/isosorbide-dinitrate.html
Isosorbide Mononitrate,https://www.drugs.com/pro/isosorbide-mononitrate.html
Isotretinoin,https://www.drugs.com/mtm/isotretinoin.html
Itraconazole,https://www.drugs.com/mtm/itraconazole.html
Ivabradine,https://www.drugs.com/mtm/ivabradine.html
Ivermectin,https://www.drugs.com/ivermectin.html
Izervay,https://www.drugs.com/izervay.html
Jadenu,https://www.drugs.com/jadenu.html
Jaimiess,https://www.drugs.com/pro/jaimiess.html
Jakafi,https://www.drugs.com/jakafi.html
Jalyn,https://www.drugs.com/jalyn.html
Jantoven,https://www.drugs.com/mtm/jantoven.html
Janumet,https://www.drugs.com/janumet.html
Janumet XR,https://www.drugs.com/mtm/janumet-xr.html
Januvia,https://www.drugs.com/januvia.html
Jardiance,https://www.drugs.com/jardiance.html
Jascayd,https://www.drugs.com/jascayd.html
Jatenzo,https://www.drugs.com/jatenzo.html
Javadin,https://www.drugs.com/pro/javadin.html
Jaypirca,https://www.drugs.com/jaypirca.html
Jelmyto,https://www.drugs.com/pro/jelmyto.html
Jemperli,https://www.drugs.com/jemperli.html
Jencycla,https://www.drugs.com/pro/jencycla.html
Jentadueto,https://www.drugs.com/jentadueto.html
Jentadueto XR,https://www.drugs.com/mtm/jentadueto-xr.html
Jet-Alert,https://www.drugs.com/mtm/jet-alert.html
Jinteli,https://www.drugs.com/cons/jinteli.html
Jivi,https://www.drugs.com/pro/jivi.html
Jolessa,https://www.drugs.com/cons/jolessa.html
Jornay PM,https://www.drugs.com/jornay-pm.html
Journavx,https://www.drugs.com/journavx.html
Jubbonti,https://www.drugs.com/jubbonti.html
Jublia,https://www.drugs.com/jublia.html
Juleber,https://www.drugs.com/pro/juleber.html
Juluca,https://www.drugs.com/juluca.html
Junel,https://www.drugs.com/pro/junel.html
Junel 1.5/30,https://www.drugs.com/cons/junel-1-5-30.html
Junel 1/20,https://www.drugs.com/cons/junel-1-20.html
Junel Fe 24,https://www.drugs.com/pro/junel-fe-24.html
Juniper,https://www.drugs.com/npp/juniper.html
Juvederm,https://www.drugs.com/juvederm.html
Jynarque,https://www.drugs.com/mtm/jynarque.html
K-Dur,https://www.drugs.com/k-dur.html
K-Tab,https://www.drugs.com/pro/k-tab.html
Kadcyla,https://www.drugs.com/kadcyla.html
kalbitor,https://www.drugs.com/kalbitor.html
Kanamycin,https://www.drugs.com/cons/kanamycin.html
Kaopectate,https://www.drugs.com/cons/kaopectate.html
Kapvay,https://www.drugs.com/kapvay.html
Kava,https://www.drugs.com/npp/kava.html
Kayexalate,https://www.drugs.com/mtm/kayexalate.html
Kcentra,https://www.drugs.com/kcentra.html
Keflex,https://www.drugs.com/keflex.html
Kenalog,https://www.drugs.com/kenalog.html
Kenalog-40,https://www.drugs.com/kenalog-40.html
Keppra,https://www.drugs.com/keppra.html
Keppra XR,https://www.drugs.com/cons/keppra-xr.html
Kerendia,https://www.drugs.com/kerendia.html
Kesimpta,https://www.drugs.com/kesimpta.html
Ketalar,https://www.drugs.com/mtm/ketalar.html
Ketamine,https://www.drugs.com/ketamine.html
Ketoconazole,https://www.drugs.com/mtm/ketoconazole.html
Ketoconazole Shampoo,https://www.drugs.com/pro/ketoconazole-shampoo.html
Ketoconazole topical,https://www.drugs.com/mtm/ketoconazole-topical.html
Ketoprofen,https://www.drugs.com/mtm/ketoprofen.html
Ketorolac,https://www.drugs.com/pro/ketorolac.html
Ketorolac ophthalmic,https://www.drugs.com/mtm/ketorolac-ophthalmic.html
Ketorolac Tromethamine,https://www.drugs.com/pro/ketorolac-tromethamine.html
Ketotifen,https://www.drugs.com/monograph/ketotifen.html
Ketotifen ophthalmic,https://www.drugs.com/mtm/ketotifen-ophthalmic.html
Kevzara,https://www.drugs.com/kevzara.html
Keytruda,https://www.drugs.com/keytruda.html
Kineret,https://www.drugs.com/kineret.html
Kisqali,https://www.drugs.com/kisqali.html
Kisunla,https://www.drugs.com/kisunla.html
Klayesta,https://www.drugs.com/pro/klayesta.html
Klonopin,https://www.drugs.com/klonopin.html
Klor-Con,https://www.drugs.com/klor-con.html
Kombiglyze XR,https://www.drugs.com/kombiglyze-xr.html
Komzifti,https://www.drugs.com/komzifti.html
Koselugo,https://www.drugs.com/koselugo.html
Kratom,https://www.drugs.com/kratom.html
Krill Oil,https://www.drugs.com/krill-oil.html
Kyleena,https://www.drugs.com/kyleena.html
Kynmobi,https://www.drugs.com/kynmobi.html
Labetalol,https://www.drugs.com/mtm/labetalol.html
Lacosamide,https://www.drugs.com/pro/lacosamide.html
Lactulose,https://www.drugs.com/mtm/lactulose.html
Lamictal,https://www.drugs.com/lamictal.html
Lamotrigine,https://www.drugs.com/lamotrigine.html
Lanadelumab,https://www.drugs.com/lanadelumab.html
Lansoprazole,https://www.drugs.com/lansoprazole.html
Lantus,https://www.drugs.com/lantus.html
Lasix,https://www.drugs.com/lasix.html
Latanoprost,https://www.drugs.com/monograph/latanoprost.html
Latuda,https://www.drugs.com/latuda.html
Leflunomide,https://www.drugs.com/mtm/leflunomide.html
Lenvatinib,https://www.drugs.com/lenvatinib.html
Lenvima,https://www.drugs.com/lenvima.html
Leqembi,https://www.drugs.com/leqembi.html
Letrozole,https://www.drugs.com/mtm/letrozole.html
Leukeran,https://www.drugs.com/mtm/leukeran.html
Leuprolide,https://www.drugs.com/leuprolide.html
Levaquin,https://www.drugs.com/levaquin.html
Levemir,https://www.drugs.com/levemir.html
Levetiracetam,https://www.drugs.com/pro/levetiracetam.html
Levocetirizine,https://www.drugs.com/levocetirizine.html
Levodopa,https://www.drugs.com/mtm/levodopa-inhalation.html
Levofloxacin,https://www.drugs.com/levofloxacin.html
Levonorgestrel,https://www.drugs.com/pro/levonorgestrel.html
Levothyroxine,https://www.drugs.com/levothyroxine.html
Lexapro,https://www.drugs.com/lexapro.html
Lexette,https://www.drugs.com/lexette.html
Lialda,https://www.drugs.com/lialda.html
Lidex,https://www.drugs.com/cons/lidex.html
Lidocaine,https://www.drugs.com/pro/lidocaine.html
Liletta,https://www.drugs.com/liletta.html
Linezolid,https://www.drugs.com/monograph/linezolid.html
Linzess,https://www.drugs.com/linzess.html
Liothyronine,https://www.drugs.com/mtm/liothyronine.html
Lipitor,https://www.drugs.com/lipitor.html
Liraglutide,https://www.drugs.com/liraglutide.html
Lisdexamfetamine,https://www.drugs.com/mtm/lisdexamfetamine.html
Lisinopril,https://www.drugs.com/lisinopril.html
Lithium,https://www.drugs.com/lithium.html
Loestrin 24 Fe,https://www.drugs.com/lo-loestrin-fe.html
Lofexidine,https://www.drugs.com/lofexidine.html
Lokelma,https://www.drugs.com/mtm/lokelma.html
Loperamide,https://www.drugs.com/loperamide.html
Lopressor,https://www.drugs.com/pro/lopressor.html
Loqtorzi,https://www.drugs.com/loqtorzi.html
Loratadine,https://www.drugs.com/loratadine.html
Lorazepam,https://www.drugs.com/lorazepam.html
Lorlatinib,https://www.drugs.com/lorlatinib.html
Losartan,https://www.drugs.com/losartan.html
Lovastatin,https://www.drugs.com/mtm/lovastatin.html
Lovenox,https://www.drugs.com/lovenox.html
Lubiprostone,https://www.drugs.com/mtm/lubiprostone.html
Lunesta,https://www.drugs.com/lunesta.html
Lupron Depot,https://www.drugs.com/lupron.html
Lurasidone,https://www.drugs.com/mtm/lurasidone.html
Lutathera,https://www.drugs.com/lutathera.html
Luxiq,https://www.drugs.com/mtm/luxiq.html
Lybalvi,https://www.drugs.com/lybalvi.html
Lyrica,https://www.drugs.com/lyrica.html
Lyumjev,https://www.drugs.com/lyumjev.html
Macrobid,https://www.drugs.com/macrobid.html
Magnesium,https://www.drugs.com/article/magnesium.html
Magnesium citrate,https://www.drugs.com/mtm/magnesium-citrate.html
Magnesium oxide,https://www.drugs.com/mtm/magnesium-oxide.html
MariTide,https://www.drugs.com/medical-answers/what-maritide-how-work-3580273/
Mavenclad,https://www.drugs.com/mavenclad.html
mavorixafor,https://www.drugs.com/mavorixafor.html
Mavyret,https://www.drugs.com/mavyret.html
Mayzent,https://www.drugs.com/mayzent.html
Meclizine,https://www.drugs.com/meclizine.html
Medrol,https://www.drugs.com/mtm/medrol.html
Mefenamic acid,https://www.drugs.com/mtm/mefenamic-acid.html
Melatonin,https://www.drugs.com/melatonin.html
Meloxicam,https://www.drugs.com/meloxicam.html
Memantine,https://www.drugs.com/memantine.html
Meropenem,https://www.drugs.com/mtm/meropenem.html
Mesalamine,https://www.drugs.com/mesalamine.html
Metamucil,https://www.drugs.com/metamucil.html
Metformin,https://www.drugs.com/metformin.html
Methadone,https://www.drugs.com/methadone.html
Methimazole,https://www.drugs.com/mtm/methimazole.html
Methocarbamol,https://www.drugs.com/methocarbamol.html
Methotrexate,https://www.drugs.com/methotrexate.html
Methylphenidate,https://www.drugs.com/methylphenidate.html
Methylprednisolone,https://www.drugs.com/methylprednisolone.html
Metoclopramide,https://www.drugs.com/metoclopramide.html
Metoprolol,https://www.drugs.com/metoprolol.html
Metoprolol Succinate,https://www.drugs.com/pro/metoprolol-succinate.html
Metronidazole,https://www.drugs.com/metronidazole.html
Midazolam,https://www.drugs.com/mtm/midazolam.html
Midodrine,https://www.drugs.com/mtm/midodrine.html
Minoxidil,https://www.drugs.com/minoxidil.html
Mirabegron,https://www.drugs.com/mtm/mirabegron.html
MiraLAX,https://www.drugs.com/miralax.html
Mirtazapine,https://www.drugs.com/mirtazapine.html
Mobic,https://www.drugs.com/mobic.html
Modafinil,https://www.drugs.com/modafinil.html
Montelukast,https://www.drugs.com/montelukast.html
Morphine,https://www.drugs.com/morphine.html
Motrin,https://www.drugs.com/pro/motrin.html
Mounjaro,https://www.drugs.com/mounjaro.html
Moxifloxacin,https://www.drugs.com/monograph/moxifloxacin.html
Mucinex,https://www.drugs.com/mucinex.html
Mupirocin,https://www.drugs.com/pro/mupirocin.html
Mycapssa,https://www.drugs.com/mycapssa.html
Mycophenolate mofetil,https://www.drugs.com/cons/mycophenolate-mofetil.html
Myfembree,https://www.drugs.com/myfembree.html
Mylotarg,https://www.drugs.com/mylotarg.html
Myrbetriq,https://www.drugs.com/myrbetriq.html
Nabumetone,https://www.drugs.com/mtm/nabumetone.html
NAC,https://www.drugs.com/mtm/nac.html
Nadolol,https://www.drugs.com/mtm/nadolol.html
Naloxone,https://www.drugs.com/naloxone.html
Naltrexone,https://www.drugs.com/naltrexone.html
Namenda,https://www.drugs.com/namenda.html
Naprosyn,https://www.drugs.com/naprosyn.html
Naproxen,https://www.drugs.com/naproxen.html
Narcan,https://www.drugs.com/narcan.html
Nasacort,https://www.drugs.com/pro/nasacort.html
Nayzilam,https://www.drugs.com/nayzilam.html
Nebivolol,https://www.drugs.com/mtm/nebivolol.html
Neffy,https://www.drugs.com/neffy.html
Neomycin,https://www.drugs.com/mtm/neomycin.html
Neosporin,https://www.drugs.com/cons/neosporin.html
Nerlynx,https://www.drugs.com/nerlynx.html
Neupro,https://www.drugs.com/neupro.html
Neurontin,https://www.drugs.com/neurontin.html
Nexium,https://www.drugs.com/nexium.html
Nexletol,https://www.drugs.com/nexletol.html
Nexlizet,https://www.drugs.com/nexlizet.html
Nexplanon,https://www.drugs.com/nexplanon.html
Ngenla,https://www.drugs.com/ngenla.html
Niacin,https://www.drugs.com/niacin.html
Nicardipine,https://www.drugs.com/pro/nicardipine.html
Nicotine,https://www.drugs.com/monograph/nicotine.html
Nifedipine,https://www.drugs.com/nifedipine.html
Nilandron,https://www.drugs.com/mtm/nilandron.html
Nilutamide,https://www.drugs.com/mtm/nilutamide.html
Ninlaro,https://www.drugs.com/ninlaro.html
Nitazoxanide,https://www.drugs.com/mtm/nitazoxanide.html
Nitrofurantoin,https://www.drugs.com/nitrofurantoin.html
Nitroglycerin,https://www.drugs.com/monograph/nitroglycerin.html
Nitrostat,https://www.drugs.com/nitrostat.html
Nivolumab,https://www.drugs.com/nivolumab.html
Norco,https://www.drugs.com/norco.html
Norepinephrine,https://www.drugs.com/mtm/norepinephrine.html
Norethindrone,https://www.drugs.com/mtm/norethindrone.html
Norflex,https://www.drugs.com/mtm/norflex.html
Nortriptyline,https://www.drugs.com/nortriptyline.html
Norvasc,https://www.drugs.com/norvasc.html
Nourianz,https://www.drugs.com/nourianz.html
NovoLog,https://www.drugs.com/novolog.html
NP Thyroid,https://www.drugs.com/mtm/np-thyroid.html
NPlate,https://www.drugs.com/nplate.html
Nubeqa,https://www.drugs.com/nubeqa.html
Nucala,https://www.drugs.com/nucala.html
Nurtec ODT,https://www.drugs.com/nurtec-odt.html
Nuvigil,https://www.drugs.com/nuvigil.html
Nystatin,https://www.drugs.com/mtm/nystatin.html
Nystatin topical,https://www.drugs.com/mtm/nystatin-topical.html
Ocella,https://www.drugs.com/cons/ocella.html
Ocrevus,https://www.drugs.com/ocrevus.html
Octreotide,https://www.drugs.com/pro/octreotide.html
Ofev,https://www.drugs.com/ofev.html
Ofloxacin,https://www.drugs.com/mtm/ofloxacin.html
Ofloxacin ophthalmic,https://www.drugs.com/mtm/ofloxacin-ophthalmic.html
Ohtuvayre,https://www.drugs.com/ohtuvayre.html
Ojjaara,https://www.drugs.com/ojjaara.html
Olanzapine,https://www.drugs.com/olanzapine.html
Olaparib,https://www.drugs.com/olaparib.html
olezarsen,https://www.drugs.com/olezarsen.html
Olmesartan,https://www.drugs.com/mtm/olmesartan.html
Olmesartan Medoxomil,https://www.drugs.com/pro/olmesartan-medoxomil.html
Olopatadine,https://www.drugs.com/monograph/olopatadine.html
Olopatadine ophthalmic,https://www.drugs.com/mtm/olopatadine-ophthalmic.html
Olux,https://www.drugs.com/mtm/olux.html
Omalizumab,https://www.drugs.com/omalizumab.html
Omega-3 Fish Oil,https://www.drugs.com/mtm/omega-3-fish-oil.html
Omeprazole,https://www.drugs.com/omeprazole.html
Omnicef,https://www.drugs.com/omnicef.html
Omnipaque 350,https://www.drugs.com/cons/omnipaque-350.html
Omnitrope,https://www.drugs.com/omnitrope.html
Ondansetron,https://www.drugs.com/ondansetron.html
Onfi,https://www.drugs.com/onfi.html
Ongentys,https://www.drugs.com/ongentys.html
Onureg,https://www.drugs.com/onureg.html
Opdivo,https://www.drugs.com/opdivo.html
Opill,https://www.drugs.com/opill.html
Opium,https://www.drugs.com/cons/opium.html
Opzelura,https://www.drugs.com/opzelura.html
Orencia,https://www.drugs.com/orencia.html
Orgovyx,https://www.drugs.com/orgovyx.html
Oriahnn,https://www.drugs.com/oriahnn.html
Orladeyo,https://www.drugs.com/orladeyo.html
Orlistat,https://www.drugs.com/orlistat.html
Orphenadrine,https://www.drugs.com/mtm/orphenadrine.html
Oseltamivir,https://www.drugs.com/oseltamivir.html
Osimertinib,https://www.drugs.com/mtm/osimertinib.html
Otezla,https://www.drugs.com/otezla.html
Oxacillin,https://www.drugs.com/monograph/oxacillin.html
Oxaliplatin,https://www.drugs.com/oxaliplatin.html
Oxazepam,https://www.drugs.com/mtm/oxazepam.html
Oxcarbazepine,https://www.drugs.com/mtm/oxcarbazepine.html
Oxtella XR,https://www.drugs.com/oxtellar-xr.html
Oxybutynin,https://www.drugs.com/oxybutynin.html
Oxycodone,https://www.drugs.com/oxycodone.html
Oxycontin,https://www.drugs.com/oxycontin.html
Oxygen,https://www.drugs.com/pro/oxygen.html
Oxymetazoline nasal,https://www.drugs.com/mtm/oxymetazoline-nasal.html
Oxytocin,https://www.drugs.com/mtm/oxytocin.html
Ozanimod,https://www.drugs.com/ozanimod.html
Ozempic,https://www.drugs.com/ozempic.html
Pantoprazole,https://www.drugs.com/pantoprazole.html
Paracetamol,https://www.drugs.com/paracetamol.html
Paragard,https://www.drugs.com/paragard.html
Paroxetine,https://www.drugs.com/paroxetine.html
Paxil,https://www.drugs.com/paxil.html
Paxlovid,https://www.drugs.com/paxlovid.html
pegcetacoplan ophthalmic,https://www.drugs.com/pegcetacoplan-opthalmic.html
Pembrolizumab,https://www.drugs.com/pembrolizumab.html
Pentasa,https://www.drugs.com/pentasa.html
Pepcid,https://www.drugs.com/pepcid.html
Percocet,https://www.drugs.com/percocet.html
Phenazopyridine,https://www.drugs.com/mtm/phenazopyridine.html
Phenergan,https://www.drugs.com/phenergan.html
Phenobarbital,https://www.drugs.com/mtm/phenobarbital.html
Phentermine,https://www.drugs.com/phentermine.html
Phenylephrine,https://www.drugs.com/phenylephrine.html
Phenytoin,https://www.drugs.com/phenytoin.html
Phexxi,https://www.drugs.com/phexxi.html
Pioglitazone,https://www.drugs.com/mtm/pioglitazone.html
Piperacillin and tazobactam,https://www.drugs.com/mtm/piperacillin-and-tazobactam.html
Plan B,https://www.drugs.com/plan-b.html
Plaquenil,https://www.drugs.com/plaquenil.html
Plavix,https://www.drugs.com/plavix.html
Polyethylene glycol 3350,https://www.drugs.com/mtm/polyethylene-glycol-3350.html
Potassium Chloride,https://www.drugs.com/potassium_chloride.html
Pradaxa,https://www.drugs.com/pradaxa.html
Praluent,https://www.drugs.com/praluent.html
Pramipexole,https://www.drugs.com/mtm/pramipexole.html
Pravastatin,https://www.drugs.com/pravastatin.html
Prazosin,https://www.drugs.com/mtm/prazosin.html
Prednisolone,https://www.drugs.com/prednisolone.html
Prednisone,https://www.drugs.com/prednisone.html
Pregabalin,https://www.drugs.com/pregabalin.html
Premarin,https://www.drugs.com/premarin.html
Prevnar 20,https://www.drugs.com/prevnar.html
Prilosec,https://www.drugs.com/prilosec.html
Primidone,https://www.drugs.com/mtm/primidone.html
Pristiq,https://www.drugs.com/pristiq.html
ProAir HFA,https://www.drugs.com/cons/proair-hfa.html
Probuphine,https://www.drugs.com/probuphine.html
Prochlorperazine,https://www.drugs.com/pro/prochlorperazine.html
Progesterone,https://www.drugs.com/progesterone.html
Prolia,https://www.drugs.com/prolia.html
Promacta,https://www.drugs.com/promacta.html
Promethazine,https://www.drugs.com/promethazine.html
Propranolol,https://www.drugs.com/propranolol.html
Protonix,https://www.drugs.com/protonix.html
Provenge,https://www.drugs.com/provenge.html
Provigil,https://www.drugs.com/provigil.html
Prozac,https://www.drugs.com/prozac.html
Pseudoephedrine,https://www.drugs.com/pseudoephedrine.html
Qalsody,https://www.drugs.com/qalsody.html
Qbrelis,https://www.drugs.com/mtm/qbrelis.html
Qbrexza,https://www.drugs.com/cons/qbrexza.html
Qelbree,https://www.drugs.com/qelbree.html
QIVIGY,https://www.drugs.com/pro/qivigy.html
Qlosi,https://www.drugs.com/qlosi.html
Qmiiz ODT,https://www.drugs.com/pro/qmiiz-odt.html
QNASL,https://www.drugs.com/qnasl.html
Qsymia,https://www.drugs.com/qsymia.html
Qtern,https://www.drugs.com/qtern.html
Qualaquin,https://www.drugs.com/mtm/qualaquin.html
Quasense,https://www.drugs.com/pro/quasense.html
Quassia,https://www.drugs.com/npp/quassia.html
Quazepam,https://www.drugs.com/mtm/quazepam.html
Quercetin,https://www.drugs.com/npp/quercetin.html
Questran,https://www.drugs.com/mtm/questran.html
Questran Light,https://www.drugs.com/mtm/questran-light.html
Quetiapine,https://www.drugs.com/quetiapine.html
QuilliChew ER,https://www.drugs.com/quillichew-er.html
Quillivant XR,https://www.drugs.com/quillivant-xr.html
Quinapril,https://www.drugs.com/mtm/quinapril.html
Quinidine,https://www.drugs.com/mtm/quinidine.html
Quinine,https://www.drugs.com/mtm/quinine.html
Quit Smoking Nicotine Patches,https://www.drugs.com/pro/quit-smoking-nicotine-patches.html
Quizartinib,https://www.drugs.com/mtm/quizartinib.html
Qulipta,https://www.drugs.com/qulipta.html
Qutenza,https://www.drugs.com/qutenza.html
Quviviq,https://www.drugs.com/quviviq.html
Quzyttir,https://www.drugs.com/cons/quzyttir.html
Qvar,https://www.drugs.com/cons/qvar.html
Qvar Redihaler,https://www.drugs.com/mtm/qvar-redihaler.html
Rabeprazole,https://www.drugs.com/mtm/rabeprazole.html
Raloxifene,https://www.drugs.com/mtm/raloxifene.html
Ramelteon,https://www.drugs.com/mtm/ramelteon.html
Ramipril,https://www.drugs.com/ramipril.html
Ranexa,https://www.drugs.com/ranexa.html
Ranitidine,https://www.drugs.com/ranitidine.html
Ranolazine,https://www.drugs.com/mtm/ranolazine.html
Rapamune,https://www.drugs.com/rapamune.html
ravulizumab,https://www.drugs.com/ravulizumab.html
Rebif,https://www.drugs.com/rebif.html
Reclast,https://www.drugs.com/reclast.html
Reglan,https://www.drugs.com/reglan.html
Relugolix,https://www.drugs.com/relugolix.html
Remeron,https://www.drugs.com/remeron.html
Remicade,https://www.drugs.com/remicade.html
Renflexis,https://www.drugs.com/renflexis.html
Renvela,https://www.drugs.com/renvela.html
Repaglinide,https://www.drugs.com/mtm/repaglinide.html
Repatha,https://www.drugs.com/repatha.html
Requip,https://www.drugs.com/requip.html
Restasis,https://www.drugs.com/restasis.html
Restoril,https://www.drugs.com/restoril.html
Retevmo,https://www.drugs.com/retevmo.html
Revlimid,https://www.drugs.com/revlimid.html
Rexulti,https://www.drugs.com/rexulti.html
Reyvow,https://www.drugs.com/reyvow.html
Ribociclib,https://www.drugs.com/ribociclib.html
Rifampin,https://www.drugs.com/mtm/rifampin.html
Rifaximin,https://www.drugs.com/mtm/rifaximin.html
Rinvoq,https://www.drugs.com/rinvoq.html
Risdiplam,https://www.drugs.com/mtm/risdiplam.html
Risedronate,https://www.drugs.com/mtm/risedronate.html
Risperdal,https://www.drugs.com/risperdal.html
Risperidone,https://www.drugs.com/risperidone.html
Ritalin,https://www.drugs.com/ritalin.html
Rituxan,https://www.drugs.com/rituxan.html
Rituxan Hycela,https://www.drugs.com/rituxan-hycela.html
Rituximab,https://www.drugs.com/rituximab.html
Rivaroxaban,https://www.drugs.com/mtm/rivaroxaban.html
Rivastigmine,https://www.drugs.com/mtm/rivastigmine.html
Rizatriptan,https://www.drugs.com/mtm/rizatriptan.html
Robaxin,https://www.drugs.com/robaxin.html
Robitussin,https://www.drugs.com/robitussin.html
Rocephin,https://www.drugs.com/rocephin.html
Roflumilast,https://www.drugs.com/roflumilast.html
Ropinirole,https://www.drugs.com/mtm/ropinirole.html
Rosuvastatin,https://www.drugs.com/rosuvastatin.html
Rowasa,https://www.drugs.com/rowasa.html
Roxicodone,https://www.drugs.com/roxicodone.html
rozanolixizumab,https://www.drugs.com/rozanolixizumab.html
Ruconest,https://www.drugs.com/ruconest.html
Rybelsus,https://www.drugs.com/rybelsus.html
Rybrevant,https://www.drugs.com/rybrevant.html
Rydapt,https://www.drugs.com/rydapt.html
Rystiggo,https://www.drugs.com/rystiggo.html
Rytary,https://www.drugs.com/rytary.html
Sabril,https://www.drugs.com/sabril.html
Sacubitril and valsartan,https://www.drugs.com/mtm/sacubitril-and-valsartan.html
Salbutamol,https://www.drugs.com/salbutamol.html
Salmeterol,https://www.drugs.com/cons/salmeterol.html
Sandostatin,https://www.drugs.com/sandostatin.html
Saphnelo,https://www.drugs.com/saphnelo.html
satralizumab,https://www.drugs.com/satralizumab.html
Scopolamine,https://www.drugs.com/cons/scopolamine.html
selumetinib,https://www.drugs.com/selumetinib.html
Semaglutide,https://www.drugs.com/semaglutide.html
Senna,https://www.drugs.com/senna.html
Senokot,https://www.drugs.com/mtm/senokot.html
Sernivo,https://www.drugs.com/sernivo.html
Seroquel,https://www.drugs.com/seroquel.html
Sertraline,https://www.drugs.com/sertraline.html
Sevelamer,https://www.drugs.com/mtm/sevelamer.html
Shingrix,https://www.drugs.com/shingrix.html
Sildenafil,https://www.drugs.com/sildenafil.html
Simethicone,https://www.drugs.com/mtm/simethicone.html
Simponi,https://www.drugs.com/simponi.html
Simvastatin,https://www.drugs.com/simvastatin.html
Sinemet,https://www.drugs.com/sinemet.html
Singulair,https://www.drugs.com/singulair.html
Sitagliptin,https://www.drugs.com/mtm/sitagliptin.html
Skyrizi,https://www.drugs.com/skyrizi.html
Skytrofa,https://www.drugs.com/skytrofa.html
Slynd,https://www.drugs.com/slynd.html
Sodium bicarbonate,https://www.drugs.com/mtm/sodium-bicarbonate.html
Sodium Chloride,https://www.drugs.com/monograph/sodium-chloride.html
Sofosbuvir,https://www.drugs.com/sofosbuvir.html
Sogroya,https://www.drugs.com/sogroya.html
Solifenacin,https://www.drugs.com/solifenacin.html
Soliqua,https://www.drugs.com/soliqua.html
Soliris,https://www.drugs.com/soliris.html
SoluMEDROL,https://www.drugs.com/cons/solumedrol.html
Soma,https://www.drugs.com/soma.html
somatropin,https://www.drugs.com/somatropin.html
Somatuline Depot,https://www.drugs.com/somatuline-depot.html
Somavert,https://www.drugs.com/somavert.html
Sotalol,https://www.drugs.com/sotalol.html
Sovaldi,https://www.drugs.com/sovaldi.html
spesolimab,https://www.drugs.com/spesolimab.html
Spevigo,https://www.drugs.com/spevigo.html
Spinraza,https://www.drugs.com/spinraza.html
Spiriva,https://www.drugs.com/spiriva.html
Spiriva Respimat,https://www.drugs.com/cons/spiriva-respimat.html
Spironolactone,https://www.drugs.com/spironolactone.html
Sprycel,https://www.drugs.com/sprycel.html
Stelara,https://www.drugs.com/stelara.html
Strattera,https://www.drugs.com/strattera.html
Stribild,https://www.drugs.com/stribild.html
Sublocade,https://www.drugs.com/sublocade.html
Suboxone,https://www.drugs.com/suboxone.html
Sucralfate,https://www.drugs.com/mtm/sucralfate.html
Sudafed,https://www.drugs.com/sudafed.html
Sulfamethoxazole and trimethoprim,https://www.drugs.com/mtm/sulfamethoxazole-and-trimethoprim.html
Sulfasalazine,https://www.drugs.com/sulfasalazine.html
Sumatriptan,https://www.drugs.com/sumatriptan.html
Sunlenca,https://www.drugs.com/sunlenca.html
Sunosi,https://www.drugs.com/sunosi.html
Supprelin LA,https://www.drugs.com/cdi/supprelin-la.html
Sutent,https://www.drugs.com/sutent.html
Syfovre,https://www.drugs.com/syfovre.html
Symbicort,https://www.drugs.com/symbicort.html
Sympazan,https://www.drugs.com/sympazan.html
Synjardy,https://www.drugs.com/synjardy.html
Synthroid,https://www.drugs.com/synthroid.html
Tacrolimus,https://www.drugs.com/pro/tacrolimus.html
Tadalafil,https://www.drugs.com/tadalafil.html
Takhzyro,https://www.drugs.com/takhzyro.html
Taltz,https://www.drugs.com/taltz.html
Talvey,https://www.drugs.com/talvey.html
Tamiflu,https://www.drugs.com/tamiflu.html
Tamoxifen,https://www.drugs.com/tamoxifen.html
Tamsulosin,https://www.drugs.com/tamsulosin.html
Tavneos,https://www.drugs.com/tavneos.html
Tazarotene,https://www.drugs.com/tazarotene-topical.html
Tazorac,https://www.drugs.com/tazorac.html
Tecartus,https://www.drugs.com/tecartus.html
Tecentriq,https://www.drugs.com/tecentriq.html
Tecfidera,https://www.drugs.com/tecfidera.html
Tecvayli,https://www.drugs.com/tecvayli.html
Tegretol,https://www.drugs.com/tegretol.html
Telmisartan,https://www.drugs.com/mtm/telmisartan.html
telotristat ethyl,https://www.drugs.com/telotristat.html
Temazepam,https://www.drugs.com/temazepam.html
Temovate,https://www.drugs.com/mtm/temovate.html
Tepezza,https://www.drugs.com/tepezza.html
Terazosin,https://www.drugs.com/terazosin.html
Terbinafine,https://www.drugs.com/mtm/terbinafine.html
Testosterone,https://www.drugs.com/testosterone.html
Tetracycline,https://www.drugs.com/tetracycline.html
Theophylline,https://www.drugs.com/mtm/theophylline.html
Thiamine,https://www.drugs.com/mtm/thiamine.html
Tibsovo,https://www.drugs.com/tibsovo.html
Ticagrelor,https://www.drugs.com/mtm/ticagrelor.html
Timolol,https://www.drugs.com/mtm/timolol.html
Tiotropium,https://www.drugs.com/cons/tiotropium.html
Tirzepatide,https://www.drugs.com/tirzepatide.html
Tizanidine,https://www.drugs.com/tizanidine.html
Tolterodine,https://www.drugs.com/mtm/tolterodine.html
Topamax,https://www.drugs.com/topamax.html
Topiramate,https://www.drugs.com/topiramate.html
Toprol XL,https://www.drugs.com/toprol.html
Toradol,https://www.drugs.com/toradol.html
Torsemide,https://www.drugs.com/mtm/torsemide.html
Toujeo,https://www.drugs.com/toujeo.html
Tradjenta,https://www.drugs.com/tradjenta.html
Tramadol,https://www.drugs.com/tramadol.html
Tranexamic acid,https://www.drugs.com/mtm/tranexamic-acid.html
trastuzumab deruxtecan,https://www.drugs.com/trastuzumab-deruxtecan.html
Trazodone,https://www.drugs.com/trazodone.html
Treanda,https://www.drugs.com/treanda.html
Trelegy Ellipta,https://www.drugs.com/trelegy-ellipta.html
Trelstar,https://www.drugs.com/trelstar.html
Tremfya,https://www.drugs.com/tremfya.html
Tresiba,https://www.drugs.com/pro/tresiba.html
Tretinoin,https://www.drugs.com/tretinoin.html
Triamcinolone,https://www.drugs.com/triamcinolone.html
Triamterene,https://www.drugs.com/triamterene.html
Trileptal,https://www.drugs.com/trileptal.html
Trintellix,https://www.drugs.com/trintellix.html
Triptorelin,https://www.drugs.com/triptorelin.html
Triumeq,https://www.drugs.com/triumeq.html
Trodelvy,https://www.drugs.com/trodelvy.html
Trokendi XR,https://www.drugs.com/trokendi-xr.html
Trospium,https://www.drugs.com/mtm/trospium.html
Trulicity,https://www.drugs.com/pro/trulicity.html
Truqap,https://www.drugs.com/truqap.html
Truxima,https://www.drugs.com/truxima.html
Tryngolza,https://www.drugs.com/tryngolza.html
Twirla,https://www.drugs.com/twirla.html
Tylenol,https://www.drugs.com/tylenol.html
Tyrvaya,https://www.drugs.com/tyrvaya.html
Tysabri,https://www.drugs.com/tysabri.html
Ubiquinone,https://www.drugs.com/npp/ubiquinone.html
Ublituximab,https://www.drugs.com/ublituximab.html
Ubrelvy,https://www.drugs.com/ubrelvy.html
Ubrogepant,https://www.drugs.com/ubrogepant.html
Uceris,https://www.drugs.com/uceris.html
Udenyca,https://www.drugs.com/pro/udenyca.html
Ukoniq,https://www.drugs.com/ukoniq.html
Ulipristal,https://www.drugs.com/mtm/ulipristal.html
Uloric,https://www.drugs.com/uloric.html
Ultiva,https://www.drugs.com/mtm/ultiva.html
Ultomiris,https://www.drugs.com/ultomiris.html
Ultracet,https://www.drugs.com/ultracet.html
Ultram,https://www.drugs.com/ultram.html
Ultravate,https://www.drugs.com/mtm/ultravate.html
Umeclidinium,https://www.drugs.com/mtm/umeclidinium.html
Umeclidinium and vilanterol,https://www.drugs.com/mtm/umeclidinium-and-vilanterol.html
Unasyn,https://www.drugs.com/mtm/unasyn.html
Undecylenic acid topical,https://www.drugs.com/mtm/undecylenic-acid-topical.html
Unisom,https://www.drugs.com/mtm/unisom.html
Unithroid,https://www.drugs.com/cons/unithroid.html
Unloxcyt,https://www.drugs.com/unloxcyt.html
Upadacitinib,https://www.drugs.com/upadacitinib.html
Uplizna,https://www.drugs.com/uplizna.html
Upneeq,https://www.drugs.com/mtm/upneeq.html
Uptravi,https://www.drugs.com/uptravi.html
Urea,https://www.drugs.com/cons/urea.html
Urea Cream,https://www.drugs.com/pro/urea-cream.html
Urecholine,https://www.drugs.com/mtm/urecholine.html
Urelle,https://www.drugs.com/mtm/urelle.html
Uretron D/S,https://www.drugs.com/cons/uretron-d-s.html
Uribel,https://www.drugs.com/mtm/uribel.html
Urispas,https://www.drugs.com/mtm/urispas.html
Uro-MP,https://www.drugs.com/mtm/uro-mp.html
Urocit-K,https://www.drugs.com/mtm/urocit-k.html
Urokinase,https://www.drugs.com/mtm/urokinase.html
Uroxatral,https://www.drugs.com/uroxatral.html
Urso,https://www.drugs.com/cons/urso.html
Urso Forte,https://www.drugs.com/cons/urso-forte.html
Ursodiol,https://www.drugs.com/ursodiol.html
Ustekinumab,https://www.drugs.com/ustekinumab.html
Uzedy,https://www.drugs.com/uzedy.html
Valacyclovir,https://www.drugs.com/valacyclovir.html
Valium,https://www.drugs.com/valium.html
Valproate sodium,https://www.drugs.com/cons/valproate-sodium.html
Valproic acid,https://www.drugs.com/mtm/valproic-acid.html
Valsartan,https://www.drugs.com/valsartan.html
Valtoco,https://www.drugs.com/valtoco.html
Valtrex,https://www.drugs.com/valtrex.html
vamorolone,https://www.drugs.com/vamorolone.html
Vancomycin,https://www.drugs.com/vancomycin.html
Vanos,https://www.drugs.com/mtm/vanos.html
Varenicline,https://www.drugs.com/varenicline.html
Vascepa,https://www.drugs.com/vascepa.html
Vasotec,https://www.drugs.com/vasotec.html
Velcade,https://www.drugs.com/velcade.html
Venclexta,https://www.drugs.com/venclexta.html
Venetoclax,https://www.drugs.com/venetoclax.html
Venlafaxine,https://www.drugs.com/venlafaxine.html
Venofer,https://www.drugs.com/venofer.html
Ventolin,https://www.drugs.com/pro/ventolin.html
Ventolin HFA,https://www.drugs.com/ventolin.html
Veozah,https://www.drugs.com/veozah.html
Verapamil,https://www.drugs.com/verapamil.html
Versed,https://www.drugs.com/mtm/versed.html
Verzenio,https://www.drugs.com/verzenio.html
VESIcare,https://www.drugs.com/vesicare.html
Viagra,https://www.drugs.com/viagra.html
Vibegron,https://www.drugs.com/vibegron.html
Vibramycin,https://www.drugs.com/pro/vibramycin.html
Vicodin,https://www.drugs.com/vicodin.html
Victoza,https://www.drugs.com/victoza.html
Viibryd,https://www.drugs.com/viibryd.html
Vilazodone,https://www.drugs.com/mtm/vilazodone.html
Vimpat,https://www.drugs.com/vimpat.html
Vistaril,https://www.drugs.com/vistaril.html
Vitamin B12,https://www.drugs.com/monograph/vitamin-b12.html
Vitamin C,https://www.drugs.com/mtm/vitamin-c.html
Vitamin D,https://www.drugs.com/vitamin-d.html
Vitamin D3,https://www.drugs.com/mtm/vitamin-d3.html
Vivitrol,https://www.drugs.com/vivitrol.html
Voltaren,https://www.drugs.com/voltaren.html
Vonjo,https://www.drugs.com/vonjo.html
Vonoprazan,https://www.drugs.com/mtm/vonoprazan.html
Voquezna,https://www.drugs.com/voquezna.html
Voranigo,https://www.drugs.com/voranigo.html
vorasidenib,https://www.drugs.com/vorasidenib.html
Voriconazole,https://www.drugs.com/pro/voriconazole.html
Vortioxetine,https://www.drugs.com/vortioxetine.html
Vosevi,https://www.drugs.com/vosevi.html
Votrient,https://www.drugs.com/votrient.html
Voydeya,https://www.drugs.com/voydeya.html
Vraylar,https://www.drugs.com/vraylar.html
Vyepti,https://www.drugs.com/vyepti.html
Vyndamax,https://www.drugs.com/vyndamax.html
Vyvanse,https://www.drugs.com/vyvanse.html
Wainua,https://www.drugs.com/wainua.html
Wakix,https://www.drugs.com/wakix.html
Warfarin,https://www.drugs.com/warfarin.html
Wart Remover,https://www.drugs.com/mtm/wart-remover.html
Water for Injection,https://www.drugs.com/pro/water-for-injection.html
Wayrilz,https://www.drugs.com/wayrilz.html
Wegovy,https://www.drugs.com/wegovy.html
Welchol,https://www.drugs.com/mtm/welchol.html
Welireg,https://www.drugs.com/welireg.html
Wellbutrin,https://www.drugs.com/wellbutrin.html
Wellbutrin SR,https://www.drugs.com/mtm/wellbutrin-sr.html
Wellbutrin XL,https://www.drugs.com/mtm/wellbutrin-xl.html
Westcort,https://www.drugs.com/pro/westcort.html
Westhroid,https://www.drugs.com/mtm/westhroid.html
Wezlana,https://www.drugs.com/wezlana.html
White Mulberry,https://www.drugs.com/npp/white-mulberry.html
Widaplik,https://www.drugs.com/widaplik.html
Willow Bark,https://www.drugs.com/npp/willow-bark.html
Winlevi,https://www.drugs.com/winlevi.html
Winrevair,https://www.drugs.com/winrevair.html
Witch hazel topical,https://www.drugs.com/mtm/witch-hazel-topical.html
Wixela Inhub,https://www.drugs.com/pro/wixela-inhub.html
Wormwood,https://www.drugs.com/npp/wormwood.html
Wynzora,https://www.drugs.com/wynzora.html
Wyost,https://www.drugs.com/wyost.html
Xacduro,https://www.drugs.com/xacduro.html
Xadago,https://www.drugs.com/xadago.html
Xalatan,https://www.drugs.com/xalatan.html
Xalkori,https://www.drugs.com/xalkori.html
Xanax,https://www.drugs.com/xanax.html
Xanax XR,https://www.drugs.com/xanax_xr.html
Xarelto,https://www.drugs.com/xarelto.html
Xcopri,https://www.drugs.com/xcopri.html
Xeljanz,https://www.drugs.com/xeljanz.html
Xeloda,https://www.drugs.com/xeloda.html
Xelstrym,https://www.drugs.com/xelstrym.html
Xenazine,https://www.drugs.com/xenazine.html
Xenical,https://www.drugs.com/xenical.html
Xeomin,https://www.drugs.com/xeomin.html
Xermelo,https://www.drugs.com/xermelo.html
Xgeva,https://www.drugs.com/xgeva.html
Xhance,https://www.drugs.com/pro/xhance.html
Xiaflex,https://www.drugs.com/xiaflex.html
Xifaxan,https://www.drugs.com/xifaxan.html
Xigduo XR,https://www.drugs.com/xigduo-xr.html
Xiidra,https://www.drugs.com/xiidra.html
Xofigo,https://www.drugs.com/xofigo.html
Xofluza,https://www.drugs.com/xofluza.html
Xolair,https://www.drugs.com/xolair.html
Xolremdi,https://www.drugs.com/xolremdi.html
Xopenex,https://www.drugs.com/xopenex.html
Xopenex HFA,https://www.drugs.com/mtm/xopenex-hfa.html
Xospata,https://www.drugs.com/xospata.html
Xphozah,https://www.drugs.com/xphozah.html
Xpovio,https://www.drugs.com/xpovio.html
Xtampza ER,https://www.drugs.com/xtampza-er.html
Xtandi,https://www.drugs.com/xtandi.html
Xulane,https://www.drugs.com/xulane.html
Xultophy,https://www.drugs.com/xultophy.html
XyliMelts,https://www.drugs.com/mtm/xylimelts.html
Xylitol,https://www.drugs.com/npp/xylitol.html
Xylocaine,https://www.drugs.com/pro/xylocaine.html
Xylocaine Jelly,https://www.drugs.com/pro/xylocaine-jelly.html
Xyosted,https://www.drugs.com/xyosted.html
Xyrem,https://www.drugs.com/xyrem.html
Xywav,https://www.drugs.com/xywav.html
Xyzal,https://www.drugs.com/xyzal.html
Yasmin,https://www.drugs.com/yasmin.html
Yaz,https://www.drugs.com/yaz.html
Ycanth,https://www.drugs.com/ycanth.html
Yellow fever vaccine,https://www.drugs.com/mtm/yellow-fever-vaccine.html
Yervoy,https://www.drugs.com/yervoy.html
Yesafili,https://www.drugs.com/yesafili.html
Yescarta,https://www.drugs.com/yescarta.html
Yesintek,https://www.drugs.com/yesintek.html
Yeztugo,https://www.drugs.com/yeztugo.html
Yohimbine,https://www.drugs.com/cons/yohimbine.html
Yondelis,https://www.drugs.com/yondelis.html
Yorvipath,https://www.drugs.com/yorvipath.html
Yuflyma,https://www.drugs.com/yuflyma.html
Yupelri,https://www.drugs.com/yupelri.html
Yusimry,https://www.drugs.com/yusimry.html
Yutrepia,https://www.drugs.com/pro/yutrepia.html
Yuvafem,https://www.drugs.com/pro/yuvafem.html
Zaleplon,https://www.drugs.com/mtm/zaleplon.html
Zanaflex,https://www.drugs.com/zanaflex.html
Zantac,https://www.drugs.com/zantac.html
Zarxio,https://www.drugs.com/zarxio.html
Zebeta,https://www.drugs.com/zebeta.html
Zegalogue,https://www.drugs.com/zegalogue.html
Zenpep,https://www.drugs.com/zenpep.html
Zepbound,https://www.drugs.com/zepbound.html
Zeposia,https://www.drugs.com/zeposia.html
Zestoretic,https://www.drugs.com/zestoretic.html
Zestril,https://www.drugs.com/zestril.html
Zetia,https://www.drugs.com/zetia.html
Zidovudine,https://www.drugs.com/pro/zidovudine.html
Zilbrysq,https://www.drugs.com/zilbrysq.html
Zileuton,https://www.drugs.com/mtm/zileuton.html
Zinc,https://www.drugs.com/mtm/zinc.html
Zinc gluconate,https://www.drugs.com/mtm/zinc-gluconate.html
Zinc oxide,https://www.drugs.com/cons/zinc-oxide.html
Zinc oxide topical,https://www.drugs.com/mtm/zinc-oxide-topical.html
Zinc sulfate,https://www.drugs.com/mtm/zinc-sulfate.html
Ziprasidone,https://www.drugs.com/mtm/ziprasidone.html
Zithromax,https://www.drugs.com/zithromax.html
Zocor,https://www.drugs.com/zocor.html
Zofran,https://www.drugs.com/zofran.html
Zofran ODT,https://www.drugs.com/mtm/zofran-odt.html
Zoladex,https://www.drugs.com/zoladex.html
Zoledronic acid,https://www.drugs.com/mtm/zoledronic-acid.html
Zolmitriptan,https://www.drugs.com/mtm/zolmitriptan.html
Zoloft,https://www.drugs.com/zoloft.html
Zolpidem,https://www.drugs.com/zolpidem.html
Zometa,https://www.drugs.com/zometa.html
Zomig,https://www.drugs.com/zomig.html
Zonisamide,https://www.drugs.com/mtm/zonisamide.html
Zopiclone,https://www.drugs.com/zopiclone.html
Zoryve,https://www.drugs.com/zoryve.html
Zosyn,https://www.drugs.com/zosyn.html
Zovirax,https://www.drugs.com/zovirax.html
Zurzuvae,https://www.drugs.com/zurzuvae.html
Zydelig,https://www.drugs.com/zydelig.html
Zyflo,https://www.drugs.com/mtm/zyflo.html
Zykadia,https://www.drugs.com/zykadia.html
Zyloprim,https://www.drugs.com/cons/zyloprim.html
Zyprexa,https://www.drugs.com/zyprexa.html
Zyrtec,https://www.drugs.com/zyrtec.html
Zytiga,https://www.drugs.com/zytiga.html
ZzzQuil,https://www.drugs.com/mtm/zzzquil.html
12 Hour Cold Maximum Strength,https://www.drugs.com/cons/12-hour-cold-maximum-strength.html
12 Hour Nasal,https://www.drugs.com/mtm/12-hour-nasal.html
12 Hour Nasal Decongestant,https://www.drugs.com/mtm/12-hour-nasal-decongestant.html
13c urea and citric acid,https://www.drugs.com/cons/13c-urea-and-citric-acid.html
14c urea,https://www.drugs.com/cons/14c-urea.html
2 in 1 Dandruff,https://www.drugs.com/cons/2-in-1-dandruff.html
3M Skin and Nasal Antiseptic,https://www.drugs.com/mtm/3m-skin-and-nasal-antiseptic.html
4-Way,https://www.drugs.com/mtm/4-way.html
4-Way Long Lasting,https://www.drugs.com/cons/4-way-long-lasting.html
5-HTP,https://www.drugs.com/mtm/5-htp.html
5-HTP Mood and Stress,https://www.drugs.com/mtm/5-htp-mood-and-stress.html
5-hydroxytryptophan,https://www.drugs.com/mtm/5-hydroxytryptophan.html
"5-hydroxytryptophan, melatonin, and pyridoxine",https://www.drugs.com/mtm/5-hydroxytryptophan-melatonin-and-pyridoxine.html
60 Second Fluoride Gel,https://www.drugs.com/pro/60-second-fluoride-gel.html
60-Second Fluoride Foam,https://www.drugs.com/pro/60-second-fluoride-foam.html
7T Gummy ES Chewable Tablets,https://www.drugs.com/pro/7t-gummy-es-chewable-tablets.html
8-Mop,https://www.drugs.com/mtm/8-mop.html
